"","Player","PTS_G","TRB_G","AST_G","STL_G","BLK_G","X3P_G","PTS_100","TRB_100","AST_100","STL_100","BLK_100","X3P_100"
"1","Aaron Gordon",15,5.9,2.5,0.6,0.6,1.2,23.2,9.1,3.9,0.9,0.9,1.8
"2","Aaron Holiday",6.4,2,2.56666666666667,0.7,0.1,0.633333333333333,19.3,6.1,7.73333333333333,2.06666666666667,0.366666666666667,1.93333333333333
"3","Aaron Nesmith",3.8,1.7,0.4,0.4,0.1,0.6,17,7.7,1.9,1.7,0.4,2.7
"4","Aaron Wiggins",8.3,3.6,1.4,0.6,0.2,0.8,16.8,7.2,2.7,1.2,0.4,1.7
"5","Abdel Nader",2.4,1.9,0.5,0.6,0.3,0.3,11.3,9,2.3,2.7,1.3,1.3
"6","Admiral Schofield",3.8,2.3,0.7,0.1,0.1,0.7,15.1,9.2,2.6,0.4,0.5,2.7
"7","Al Horford",10.2,7.7,3.4,0.7,1.3,1.3,17.4,13.1,5.7,1.2,2.3,2.2
"8","Alec Burks",11.7,4.9,3,1,0.3,1.9,20.4,8.6,5.2,1.8,0.6,3.4
"9","Aleksej Pokusevski",7.6,5.2,2.1,0.6,0.6,0.9,18.3,12.6,5.2,1.5,1.5,2.3
"10","Alex Caruso",7.4,3.6,4,1.7,0.4,1,12.9,6.3,7,3,0.6,1.8
"11","Alex Len",6,4.1,1.2,0.3,0.6,0.2,18.2,12.5,3.5,1,1.9,0.5
"12","Alfonzo McKinnie",3.5,1.9,0.3,0.1,0.2,0.5,14,7.8,1.2,0.5,0.7,2.1
"13","Alize Johnson",1.8,2.5,0.45,0.2,0,0,11.65,16.2,2.9,1.35,0,0
"14","Alperen Sengün",9.6,5.5,2.6,0.8,0.9,0.4,22.1,12.6,5.9,1.9,2.2,0.9
"15","Amir Coffey",9,2.9,1.8,0.6,0.2,1.4,19.4,6.2,3.9,1.2,0.5,3
"16","Andre Drummond",8.6,9.46666666666667,1.73333333333333,1.03333333333333,0.933333333333333,0,20.6666666666667,23.2333333333333,4.33333333333333,2.6,2.3,0
"17","Andre Iguodala",4,3.2,3.7,0.9,0.7,0.5,10,8.1,9.2,2.2,1.8,1.4
"18","Andrew Wiggins",17.2,4.5,2.2,1,0.7,2.2,26.3,6.8,3.4,1.6,1.1,3.3
"19","Anfernee Simons",17.3,2.6,3.9,0.5,0.1,3.1,28.7,4.4,6.4,0.9,0.2,5.2
"20","Anthony Davis",23.2,9.9,3.1,1.2,2.3,0.3,31.6,13.5,4.2,1.7,3.1,0.4
"21","Anthony Edwards",21.3,4.8,3.8,1.5,0.6,3,29.6,6.6,5.3,2,0.9,4.1
"22","Anthony Gill",4.1,1.9,0.6,0.1,0.3,0.3,19.2,9.1,2.9,0.5,1.2,1.5
"23","Armoni Brooks",4.7,1.86666666666667,1.1,0.5,0.2,1.26666666666667,14.9666666666667,6.2,3.7,1.76666666666667,0.733333333333333,3.93333333333333
"24","Austin Reaves",7.3,3.2,1.8,0.5,0.3,0.9,15,6.5,3.7,1,0.7,1.8
"25","Austin Rivers",6,1.7,1.3,0.8,0.1,1.2,13.4,3.8,3,1.7,0.2,2.6
"26","Avery Bradley",6.4,2.2,0.8,0.9,0.1,1.3,13.4,4.6,1.6,1.8,0.3,2.8
"27","Ayo Dosunmu",8.8,2.8,3.3,0.8,0.4,0.9,15.7,5,5.9,1.4,0.7,1.6
"28","Bam Adebayo",19.1,10.1,3.4,1.4,0.8,0,29.3,15.5,5.2,2.2,1.2,0
"29","Ben McLemore",10.2,1.6,0.9,0.6,0.2,2.4,24.9,3.9,2.2,1.4,0.4,5.7
"30","Bismack Biyombo",5.8,4.6,0.6,0.3,0.7,0,20,15.9,2.2,1.1,2.5,0
"31","Blake Griffin",6.4,4.1,1.9,0.5,0.3,0.7,18.2,11.5,5.3,1.4,0.7,1.9
"32","Boban Marjanovic",4.3,1.7,0.1,0,0.1,0,38.5,15.3,1.2,0,1.2,0.4
"33","Bobby Portis",14.6,9.1,1.2,0.7,0.7,1.8,24.9,15.6,2,1.3,1.2,3.1
"34","Bogdan Bogdanovic",15.1,4,3.1,1.1,0.2,2.7,25.3,6.6,5.2,1.8,0.4,4.5
"35","Bojan Bogdanovic",18.1,4.3,1.7,0.5,0,2.6,28.9,6.9,2.8,0.8,0,4.2
"36","Bones Hyland",10.1,2.7,2.8,0.6,0.3,1.9,26.1,7,7.2,1.5,0.7,4.9
"37","Brad Wanamaker",3.55,1.65,2.3,0.25,0.3,0.2,12.7,5.95,8.2,0.95,0.95,0.65
"38","Bradley Beal",23.2,4.7,6.6,0.9,0.4,1.6,31.9,6.5,9.1,1.2,0.5,2.2
"39","Brandon Boston Jr.",6.7,2.2,1,0.5,0.3,0.7,22.1,7.2,3.3,1.7,0.8,2.2
"40","Brandon Clarke",10.4,5.3,1.3,0.6,1.1,0.1,25.6,13.1,3.3,1.5,2.6,0.2
"41","Brandon Goodwin",4.8,1.9,2.5,0.7,0,0.5,17,6.7,9.1,2.5,0.1,1.9
"42","Brandon Ingram",22.7,5.8,5.6,0.6,0.5,1.3,32.9,8.5,8.1,0.9,0.7,2
"43","Brandon Williams",12.9,3.1,3.9,1,0.4,1.3,23.6,5.6,7.2,1.8,0.8,2.4
"44","Braxton Key",7.2,4.5,1,0.9,1,0.5,19.65,12.35,2.65,2.4,2.75,1.5
"45","Brook Lopez",12.4,4.1,0.5,0.6,1.2,1.5,25.9,8.5,1,1.3,2.4,3.1
"46","Bruce Brown",9,4.8,2.1,1.1,0.7,0.5,17.7,9.4,4,2.1,1.4,1
"47","Bruno Fernando",1.95,1.3,0.2,0,0.3,0.05,28,17.5,2.2,0.3,3.5,0.3
"48","Bryn Forbes",8.83333333333333,1.23333333333333,1,0.3,0.1,1.63333333333333,24.9666666666667,3.46666666666667,2.8,0.9,0.2,4.6
"49","Buddy Hield",16.0666666666667,4.5,3.16666666666667,0.933333333333333,0.333333333333333,3.2,24.5666666666667,6.86666666666667,4.73333333333333,1.4,0.5,4.96666666666667
"50","Cade Cunningham",17.4,5.5,5.6,1.2,0.7,1.8,26,8.3,8.3,1.8,1,2.7
"51","Caleb Martin",9.2,3.8,1.1,1,0.5,1.1,20.1,8.4,2.3,2.1,1.1,2.3
"52","Cam Reddish",9.36666666666667,2,0.933333333333333,0.933333333333333,0.3,1.16666666666667,23.4666666666667,5.06666666666667,2.3,2.43333333333333,0.766666666666667,2.9
"53","Cam Thomas",8.5,2.4,1.2,0.5,0.1,0.7,23.5,6.6,3.2,1.4,0.3,1.9
"54","Cameron Johnson",12.5,4.1,1.5,0.9,0.2,2.5,22.9,7.6,2.8,1.6,0.4,4.6
"55","Cameron Payne",10.8,3,4.9,0.7,0.3,1.2,23.6,6.6,10.6,1.5,0.6,2.7
"56","Caris LeVert",16.4333333333333,3.63333333333333,4.2,0.866666666666667,0.4,1.36666666666667,26.4666666666667,5.86666666666667,6.83333333333333,1.4,0.566666666666667,2.2
"57","Carmelo Anthony",13.3,4.2,1,0.7,0.8,2.2,24.6,7.7,1.8,1.3,1.4,4
"58","Cedi Osman",10.7,2.2,2,0.8,0.2,1.9,24.2,5,4.6,1.8,0.3,4.4
"59","Charles Bassey",3,2.7,0.3,0.2,0.7,0,20.5,18.4,2.1,1.5,5,0
"60","Charlie Brown Jr.",1.45,1.55,0.3,0.45,0.2,0.05,8.55,9.25,1.6,2.65,1,0.3
"61","Chimezie Metu",8.9,5.6,1,0.9,0.5,1,20.1,12.6,2.3,1.9,1.2,2.1
"62","Chris Boucher",9.4,6.2,0.3,0.6,0.9,0.9,22.3,14.6,0.7,1.4,2.2,2
"63","Chris Chiozza",2,1.1,1.9,0.4,0,0.5,8.8,4.7,8.5,1.7,0,2.2
"64","Chris Duarte",13.1,4.1,2.1,1,0.2,1.7,22.9,7.2,3.6,1.8,0.3,3
"65","Chris Paul",14.7,4.4,10.8,1.9,0.3,1,21.6,6.4,15.8,2.7,0.4,1.4
"66","Christian Wood",17.9,10.1,2.3,0.8,1,1.9,27.7,15.6,3.5,1.2,1.5,3
"67","Chuma Okeke",8.6,5,1.7,1.4,0.6,1.7,16.7,9.6,3.3,2.7,1.2,3.3
"68","CJ Elleby",5.8,3.9,1.5,0.6,0.3,0.6,14.1,9.4,3.6,1.5,0.8,1.5
"69","CJ McCollum",22.3,4.36666666666667,5.13333333333333,1.13333333333333,0.333333333333333,2.9,31.7666666666667,6.2,7.33333333333333,1.63333333333333,0.466666666666667,4.16666666666667
"70","Clint Capela",11.1,11.9,1.2,0.7,1.3,0,19.7,21.1,2.2,1.3,2.2,0
"71","Coby White",12.7,3,2.9,0.5,0.2,2.2,22.5,5.3,5.1,0.8,0.3,4
"72","Cody Martin",7.7,4,2.5,1.2,0.5,0.9,14,7.3,4.6,2.3,0.8,1.6
"73","Cody Zeller",5.2,4.6,0.8,0.3,0.2,0,19.3,17.2,3,1.1,0.8,0
"74","Cole Anthony",16.3,5.4,5.7,0.7,0.3,2,24.9,8.2,8.7,1.1,0.4,3.1
"75","Collin Sexton",16,3.3,2.1,0.9,0,1,27.8,5.7,3.6,1.6,0,1.7
"76","Corey Kispert",8.2,2.7,1.1,0.5,0.3,1.5,17.4,5.7,2.3,1,0.6,3.1
"77","Cory Joseph",8,2.7,3.6,0.6,0.3,1,15.9,5.3,7.2,1.3,0.5,2
"78","D'Angelo Russell",18.1,3.3,7.1,1,0.3,2.7,26.9,4.9,10.5,1.4,0.5,4
"79","D.J. Augustin",5.33333333333333,1.23333333333333,1.9,0.3,0,1.23333333333333,15.7666666666667,3.66666666666667,5.63333333333333,0.9,0.0666666666666667,3.66666666666667
"80","Daishen Nix",3.2,1.4,1.7,0.6,0,0.3,14,6,7.3,2.7,0,1.3
"81","Dalano Banton",3.2,1.9,1.5,0.4,0.2,0.2,14.7,8.9,7.1,2,0.7,0.9
"82","Damian Jones",8.1,4.4,1.2,0.5,0.8,0.2,21.5,11.6,3.3,1.2,2.2,0.5
"83","Damian Lillard",24,4.1,7.3,0.6,0.4,3.2,32.2,5.6,9.8,0.8,0.5,4.3
"84","Damion Lee",7.4,3.2,1,0.6,0.1,1,18.1,7.9,2.4,1.5,0.2,2.4
"85","Daniel Gafford",9.4,5.7,0.9,0.4,1.4,0,23.2,13.9,2.3,1,3.4,0
"86","Daniel Theis",8.16666666666667,4.86666666666667,0.9,0.4,0.7,0.7,19.2666666666667,11.4333333333333,2.1,1,1.56666666666667,1.6
"87","Danilo Gallinari",11.7,4.7,1.5,0.4,0.2,1.7,22.7,9.1,3,0.8,0.4,3.3
"88","Danny Green",5.9,2.5,1,1,0.6,1.7,13.5,5.8,2.4,2.2,1.4,3.8
"89","Danuel House Jr.",5.83333333333333,2.66666666666667,1.06666666666667,0.466666666666667,0.4,1,16.5333333333333,7.7,3.13333333333333,1.33333333333333,1.1,2.8
"90","Darius Bazley",10.8,6.3,1.4,0.8,1,1.2,18.9,11,2.5,1.5,1.8,2
"91","Darius Garland",21.7,3.3,8.6,1.3,0.1,2.6,30.3,4.6,12,1.8,0.1,3.6
"92","David Duke Jr.",4.7,3,0.8,0.6,0.3,0.4,14.8,9.5,2.4,2,1,1.3
"93","David Nwaba",5.1,3.3,0.8,0.6,0.4,0.3,18.2,11.8,2.7,2.2,1.6,1.2
"94","Davion Mitchell",11.5,2.2,4.2,0.7,0.3,1.3,20,3.8,7.3,1.3,0.6,2.3
"95","Davis Bertans",5.53333333333333,2.13333333333333,0.6,0.3,0.233333333333333,1.4,19.2,7.46666666666667,2,1.03333333333333,0.766666666666667,4.8
"96","Davon Reed",4.4,2.3,1.1,0.5,0.2,0.8,15.3,7.9,3.9,1.8,0.7,2.7
"97","Day'Ron Sharpe",6.2,5,0.5,0.3,0.5,0.1,24.5,19.8,2.1,1.2,1.9,0.2
"98","De'Aaron Fox",23.2,3.9,5.6,1.2,0.4,1.3,31.6,5.3,7.6,1.6,0.6,1.7
"99","De'Andre Hunter",13.4,3.3,1.3,0.7,0.4,1.4,22.1,5.5,2.1,1.1,0.7,2.3
"100","De'Anthony Melton",10.8,4.5,2.7,1.4,0.5,1.9,22.8,9.5,5.6,3,1.1,4
"101","Dean Wade",5.3,2.9,1,0.6,0.1,1,13.7,7.6,2.6,1.5,0.4,2.6
"102","DeAndre' Bembry",5.45,3.05,1.25,0.95,0.45,0.3,13.8,7.75,3.1,2.35,1.25,0.75
"103","Deandre Ayton",17.2,10.2,1.4,0.7,0.7,0.1,28,16.7,2.4,1.1,1.1,0.2
"104","DeAndre Jordan",4.33333333333333,5.56666666666667,0.433333333333333,0.233333333333333,0.7,0,16.2666666666667,20.7333333333333,1.66666666666667,0.866666666666667,2.63333333333333,0
"105","Dejounte Murray",21.1,8.3,9.2,2,0.3,1.4,29.2,11.4,12.7,2.8,0.5,1.9
"106","Delon Wright",4.4,2.9,2.4,1.2,0.2,0.6,11.6,7.4,6.4,3.1,0.6,1.5
"107","DeMar DeRozan",27.9,5.2,4.9,0.9,0.3,0.7,37.7,7,6.7,1.2,0.4,0.9
"108","DeMarcus Cousins",9,5.63333333333333,1.43333333333333,0.733333333333333,0.433333333333333,0.8,28.7666666666667,18.1,4.6,2.43333333333333,1.4,2.46666666666667
"109","Deni Avdija",8.4,5.2,2,0.7,0.5,1,17.1,10.6,4.2,1.5,1.1,2
"110","Dennis Schröder",12.9333333333333,3.3,4.9,0.8,0.133333333333333,1.33333333333333,22.2666666666667,5.76666666666667,8.5,1.4,0.266666666666667,2.26666666666667
"111","Dennis Smith Jr.",5.6,2.4,3.6,1.2,0.3,0.2,15.8,6.7,10.1,3.4,0.9,0.5
"112","Denzel Valentine",2.9,1.75,0.5,0.3,0,0.8,15.6,9.35,2.6,1.75,0,4.35
"113","Derrick Favors",5.3,4.7,0.6,0.4,0.3,0.1,15.4,13.7,1.9,1.3,0.9,0.1
"114","Derrick Jones Jr.",5.6,3.3,0.6,0.5,0.6,0.4,15.5,9.2,1.6,1.4,1.8,1.1
"115","Derrick Rose",12,3,4,0.8,0.5,1.4,24.5,6.1,8.1,1.7,0.9,2.9
"116","Derrick White",12.8666666666667,3.46666666666667,4.66666666666667,0.833333333333333,0.766666666666667,1.5,21.5333333333333,5.83333333333333,7.76666666666667,1.33333333333333,1.26666666666667,2.5
"117","Desmond Bane",18.2,4.4,2.7,1.2,0.4,3,29.2,7.1,4.4,1.9,0.6,4.8
"118","Devin Booker",26.8,5,4.8,1.1,0.4,2.7,37.4,7,6.8,1.6,0.5,3.8
"119","Devin Vassell",12.3,4.3,1.9,1.1,0.6,1.9,21.6,7.6,3.4,1.9,1,3.4
"120","Devontae Cacok",3.1,2.8,0.4,0.5,0.5,0,18.2,16.7,2.4,3.2,2.8,0
"121","Devonte' Graham",11.9,2.3,4.2,0.9,0.2,2.5,20.6,4,7.2,1.6,0.3,4.4
"122","Dewayne Dedmon",6.3,5.8,0.7,0.4,0.6,0.3,19.8,18.1,2.2,1.1,2,0.9
"123","Dillon Brooks",18.4,3.2,2.8,1.1,0.3,1.4,31.9,5.5,4.8,1.9,0.4,2.5
"124","Domantas Sabonis",18.9,12.1666666666667,5.33333333333333,0.966666666666667,0.4,0.533333333333333,26.7666666666667,17.3,7.6,1.3,0.6,0.8
"125","Donovan Mitchell",25.9,4.2,5.3,1.5,0.2,3.5,37.8,6.2,7.8,2.2,0.3,5.1
"126","Donte DiVincenzo",8.83333333333333,3.96666666666667,2.7,1.06666666666667,0.2,1.7,18.0333333333333,8.2,5.36666666666667,2.16666666666667,0.4,3.43333333333333
"127","Dorian Finney-Smith",11,4.7,1.9,1.1,0.5,2.2,16.8,7.1,2.9,1.7,0.7,3.3
"128","Doug McDermott",11.3,2.3,1.3,0.3,0.1,2.1,22.7,4.5,2.5,0.5,0.2,4.2
"129","Draymond Green",7.5,7.3,7,1.3,1.1,0.3,12.7,12.3,11.7,2.2,1.8,0.6
"130","Drew Eubanks",8.96666666666667,5.96666666666667,1.26666666666667,0.5,0.566666666666667,0.1,21.1666666666667,14.9,3.3,1.2,1.6,0.2
"131","Duane Washington Jr.",9.9,1.7,1.8,0.5,0.1,1.7,23.9,4.2,4.3,1.3,0.2,4.1
"132","Duncan Robinson",10.9,2.6,1.6,0.5,0.2,2.9,21.1,5,3.2,1,0.3,5.7
"133","Dwight Howard",6.2,5.9,0.6,0.6,0.6,0.1,18.4,17.6,1.7,1.7,1.8,0.4
"134","Dwight Powell",8.7,4.9,1.2,0.5,0.5,0.2,20.1,11.3,2.7,1,1.1,0.4
"135","Dylan Windler",2.2,1.8,0.7,0.3,0.1,0.4,12,9.7,3.7,1.5,0.3,2.3
"136","Ed Davis",0.9,2.1,0.2,0.1,0.3,0,7,15.9,1.7,0.7,2.2,0
"137","Elfrid Payton",3,1.8,2,0.5,0.1,0.1,13.1,7.7,8.7,2.2,0.5,0.4
"138","Elijah Hughes",3.46666666666667,1.56666666666667,0.566666666666667,0.4,0.2,0.7,15.2666666666667,6.73333333333333,2.5,1.63333333333333,0.8,3.16666666666667
"139","Enes Freedom",3.7,4.6,0.2,0.1,0.4,0.1,15.5,19.3,1,0.6,1.7,0.2
"140","Eric Bledsoe",9.9,3.4,4.2,1.3,0.4,0.9,19.2,6.6,8.1,2.5,0.7,1.8
"141","Eric Gordon",13.4,2,2.7,0.5,0.3,2.2,21.8,3.2,4.4,0.8,0.5,3.5
"142","Eric Paschall",5.8,1.8,0.6,0.2,0.1,0.7,22.4,7.1,2.4,0.6,0.3,2.7
"143","Evan Fournier",14.1,2.6,2.1,1,0.3,3,23.9,4.5,3.6,1.7,0.4,5.1
"144","Evan Mobley",15,8.3,2.5,0.8,1.7,0.3,22.2,12.2,3.7,1.2,2.5,0.5
"145","Facundo Campazzo",5.1,1.8,3.4,1,0.4,0.9,13.8,4.8,9.1,2.6,1,2.4
"146","Frank Jackson",10.6,1.6,1,0.5,0.2,1.6,23.5,3.6,2.3,1.1,0.4,3.6
"147","Frank Ntilikina",4.1,1.4,1.2,0.5,0.1,0.7,17.6,5.8,5.1,2,0.5,2.8
"148","Franz Wagner",15.2,4.5,2.9,0.9,0.4,1.2,23.8,7.1,4.6,1.4,0.7,1.9
"149","Fred VanVleet",20.3,4.4,6.7,1.7,0.5,3.7,26.8,5.9,8.8,2.3,0.7,4.9
"150","Furkan Korkmaz",7.6,2.6,1.9,0.5,0.1,1.1,18,6.2,4.5,1.2,0.3,2.7
"151","Gabe Vincent",8.7,1.9,3.1,0.9,0.2,1.8,18.6,4,6.6,2,0.4,3.7
"152","Garrett Temple",5.2,2.4,1.3,0.7,0.4,1,13.9,6.4,3.3,1.9,1,2.7
"153","Garrison Mathews",10,2.9,1,0.9,0.4,2.1,18.1,5.3,1.8,1.6,0.7,3.9
"154","Gary Clark",2.7,2.4,0.5,0.3,0.2,0.7,13.2,11.8,2.4,1.7,0.9,3.7
"155","Gary Harris",11.1,2,1.8,1,0.1,1.9,19,3.4,3,1.6,0.3,3.2
"156","Gary Payton II",7.1,3.5,0.9,1.4,0.3,0.6,19.6,9.7,2.5,3.8,0.9,1.7
"157","Gary Trent Jr.",18.3,2.7,2,1.7,0.3,3,26.2,3.9,2.9,2.5,0.4,4.3
"158","George Hill",6.2,2.9,2.2,0.8,0.1,0.8,12.8,5.9,4.6,1.6,0.2,1.6
"159","Georges Niang",9.2,2.7,1.3,0.4,0.2,2.1,20.1,5.8,2.9,0.9,0.4,4.5
"160","Georgios Kalaitzakis",6.6,1.6,0.9,0.8,0.2,0.8,20,4.3,3.1,2.7,0.4,2.3
"161","Giannis Antetokounmpo",29.9,11.6,5.8,1.1,1.4,1.1,43.6,17,8.5,1.6,2,1.5
"162","Goga Bitadze",7,3.5,1.1,0.4,0.8,0.5,23.4,11.9,3.7,1.4,2.8,1.5
"163","Goran Dragic",7.4,3.15,4.45,0.9,0.2,0.8,14.65,6.25,8.75,1.8,0.4,1.5
"164","Gordon Hayward",15.9,4.6,3.6,1,0.4,1.8,23.9,6.9,5.4,1.4,0.7,2.6
"165","Gorgui Dieng",3.5,2.8,0.8,0.3,0.3,0.7,20.4,16,4.5,1.5,1.7,3.8
"166","Grant Williams",7.8,3.6,1,0.5,0.7,1.4,16,7.3,2.1,1,1.5,2.8
"167","Grayson Allen",11.1,3.4,1.5,0.7,0.3,2.4,19.5,5.9,2.7,1.2,0.5,4.2
"168","Greg Brown III",4.7,2.8,0.7,0.5,0.5,0.4,17.2,10.3,2.7,2,1.8,1.5
"169","Greg Monroe",5.4,4.6,1.6,0.6,0.7,0,18.8,15.8,5.4,2,2.5,0
"170","Hamidou Diallo",11,4.8,1.3,1.2,0.3,0.4,24.5,10.7,2.8,2.7,0.7,0.9
"171","Harrison Barnes",16.4,5.6,2.4,0.7,0.2,1.8,23.5,8,3.5,1,0.3,2.6
"172","Hassan Whiteside",8.2,7.6,0.4,0.3,1.6,0,22.7,21,1.1,0.9,4.4,0
"173","Haywood Highsmith",2.3,1.4,0.3,0.1,0.2,0.5,13.2,8,1.8,0.6,0.9,2.8
"174","Herbert Jones",9.5,3.8,2.1,1.7,0.8,0.7,15.7,6.3,3.5,2.7,1.3,1.2
"175","Ignas Brazdeikis",5,1.7,0.9,0.2,0.1,0.6,19,6.5,3.3,0.9,0.3,2.4
"176","Immanuel Quickley",11.3,3.2,3.5,0.7,0,1.8,24.5,6.9,7.6,1.5,0.1,3.8
"177","Isaac Okoro",8.8,3,1.8,0.8,0.3,0.8,14.8,5.1,3.1,1.4,0.6,1.4
"178","Isaiah Hartenstein",8.3,4.9,2.4,0.7,1.1,0.2,22.7,13.4,6.4,2,3.1,0.6
"179","Isaiah Jackson",8.3,4.1,0.3,0.7,1.4,0.1,26.9,13.5,0.9,2.3,4.7,0.5
"180","Isaiah Joe",3.6,1,0.6,0.3,0.1,0.8,16.2,4.6,2.9,1.1,0.2,3.7
"181","Isaiah Livers",6.4,3,1.1,0.7,0.4,1.4,15.4,7.3,2.7,1.7,0.9,3.4
"182","Isaiah Roby",10.1,4.8,1.6,0.8,0.8,1,23.3,11.1,3.6,1.8,1.7,2.3
"183","Isaiah Stewart",8.3,8.7,1.2,0.3,1.1,0.2,15.8,16.6,2.2,0.6,2.1,0.4
"184","Isaiah Thomas",8.35,1.25,1.45,0.35,0.2,1.35,25.0333333333333,4.2,4.33333333333333,0.833333333333333,0.766666666666667,3.8
"185","Ish Smith",6.46666666666667,2.23333333333333,3.86666666666667,0.733333333333333,0.4,0.4,17.7,6.06666666666667,10.5,2.03333333333333,0.966666666666667,1.06666666666667
"186","Ish Wainright",2.4,1.2,0.3,0.4,0.1,0.4,14.5,7.2,2,2.7,0.8,2.5
"187","Ivica Zubac",10.3,8.5,1.6,0.5,1,0,20.8,17,3.2,1,2,0
"188","Ja Morant",27.4,5.7,6.7,1.2,0.4,1.5,39.6,8.2,9.7,1.7,0.6,2.2
"189","Jabari Parker",4.4,2.3,0.5,0.3,0.1,0.7,23.5,12.4,2.7,1.8,0.4,3.5
"190","Jaden McDaniels",9.2,4.2,1.1,0.7,0.8,1.1,17.1,7.7,2.1,1.4,1.4,2.1
"191","Jae'Sean Tate",11.8,5.4,2.8,0.9,0.5,0.8,21.3,9.7,5.1,1.7,0.9,1.5
"192","Jae Crowder",9.4,5.3,1.9,1.4,0.4,1.9,16.1,9,3.2,2.4,0.8,3.2
"193","Jahmi'us Ramsey",3.2,0.7,0.4,0.1,0.1,0.3,21.5,4.7,2.5,0.4,0.4,1.8
"194","Jake Layman",2.4,1.1,0.3,0.2,0.1,0.2,16.7,7.4,1.9,1.4,1,1.6
"195","Jakob Poeltl",13.5,9.3,2.8,0.7,1.7,0,22.3,15.4,4.6,1.1,2.9,0
"196","Jalen Brunson",16.3,3.9,4.8,0.8,0,1.2,25.6,6.2,7.5,1.3,0.1,1.9
"197","Jalen Green",17.3,3.4,2.6,0.7,0.3,2.3,25.8,5,3.9,1,0.4,3.5
"198","Jalen Johnson",2.4,1.2,0.1,0.1,0.1,0.1,21.3,10.6,1.2,1.2,0.8,1.2
"199","Jalen McDaniels",6.2,3.1,1.1,0.5,0.4,0.7,18.2,9.1,3.1,1.4,1.2,2.2
"200","Jalen Smith",9.53333333333333,6.13333333333333,0.5,0.3,0.8,0.833333333333333,24.4333333333333,16.2666666666667,1.23333333333333,0.8,2.2,2
"201","Jalen Suggs",11.8,3.6,4.4,1.2,0.4,0.9,20.9,6.3,7.7,2.2,0.7,1.6
"202","James Bouknight",4.6,1.7,0.8,0.2,0,0.5,22.4,8.2,4.1,1.1,0.2,2.7
"203","James Harden",21.8333333333333,7.6,10.3333333333333,1.26666666666667,0.5,2.26666666666667,28.7666666666667,10,13.5666666666667,1.66666666666667,0.633333333333333,2.96666666666667
"204","James Johnson",5.5,3.5,2.1,0.5,0.5,0.4,13.8,8.8,5.3,1.2,1.4,0.9
"205","Jamorko Pickett",3.8,2.5,0.5,0,0.5,1,13.9,8.9,1.9,0,1.9,3.6
"206","JaMychal Green",6.4,4.2,0.9,0.6,0.4,0.5,19.5,12.7,2.7,1.9,1.2,1.5
"207","Jared Butler",3.8,1.1,1.5,0.4,0.2,0.7,22.1,6.2,8.6,2.3,1.1,3.8
"208","Jaren Jackson Jr.",16.3,5.8,1.1,0.9,2.3,1.6,28.6,10.2,1.9,1.6,4,2.9
"209","Jarred Vanderbilt",6.9,8.4,1.3,1.3,0.6,0,13,15.8,2.4,2.5,1.2,0.1
"210","Jarrett Allen",16.1,10.8,1.6,0.8,1.3,0,25,16.6,2.5,1.2,2.1,0
"211","Jarrett Culver",3.5,1.3,0.9,0.5,0.1,0.3,18.4,6.8,4.7,2.8,0.7,1.7
"212","JaVale McGee",9.2,6.7,0.6,0.3,1.1,0,27.9,20.4,1.7,0.9,3.3,0.1
"213","Javonte Green",7.2,4.2,0.9,1,0.5,0.6,15,8.9,1.9,2.2,1,1.2
"214","Javonte Smart",2.7,1.45,1,0.35,0.2,0.4,10.8,5.75,4.05,1.35,0.65,1.55
"215","Jaxson Hayes",9.3,4.5,0.6,0.5,0.8,0.3,23.1,11.1,1.5,1.2,1.9,0.7
"216","Jay Scrubb",2.7,0.9,0.4,0.2,0.2,0.3,19.8,6.5,3.2,1.6,1.2,2.4
"217","Jaylen Brown",23.6,6.1,3.5,1.1,0.3,2.5,34.9,9,5.2,1.6,0.4,3.7
"218","Jaylen Nowell",8.5,2,2.1,0.4,0.2,1,25.7,6,6.3,1.3,0.5,3.1
"219","Jayson Tatum",26.9,8,4.4,1,0.6,3,37.2,11.1,6.1,1.4,0.9,4.2
"220","Jeff Green",10.3,3.1,1.3,0.4,0.4,0.7,20.5,6.1,2.5,0.7,0.7,1.4
"221","Jerami Grant",19.2,4.1,2.4,0.9,1,1.9,29.4,6.2,3.6,1.4,1.6,3
"222","Jeremiah Robinson-Earl",7.5,5.6,1,0.6,0.3,1.2,16.4,12.3,2.2,1.3,0.7,2.6
"223","Jeremy Lamb",7.43333333333333,2.9,1.5,0.566666666666667,0.433333333333333,0.966666666666667,21.1333333333333,8.16666666666667,4.26666666666667,1.53333333333333,1.13333333333333,2.8
"224","Jericho Sims",2.2,4.1,0.5,0.3,0.5,0,8.1,15.2,1.9,1,2,0
"225","Jevon Carter",4.46666666666667,1.8,1.66666666666667,0.4,0.2,1.03333333333333,14.8333333333333,5.9,5.3,1.3,0.7,3.5
"226","Jimmy Butler",21.4,5.9,5.5,1.6,0.5,0.5,31.6,8.7,8.1,2.4,0.7,0.7
"227","Jock Landale",4.9,2.6,0.8,0.2,0.3,0.5,21.6,11.2,3.7,0.8,1.1,2.4
"228","Joe Harris",11.3,4,1,0.5,0.1,2.9,18.1,6.4,1.6,0.8,0.2,4.7
"229","Joe Ingles",7.2,2.9,3.5,0.5,0.1,1.7,14.3,5.8,7,1,0.2,3.4
"230","Joe Wieskamp",2.1,0.5,0.3,0.1,0.1,0.5,14.3,3.3,2.1,0.9,0.7,3.3
"231","Joel Embiid",30.6,11.7,4.2,1.1,1.5,1.4,45.1,17.3,6.2,1.7,2.1,2
"232","John Collins",16.2,7.8,1.8,0.6,1,1.2,25.9,12.5,2.9,1,1.7,1.9
"233","John Konchar",4.8,4.6,1.5,0.6,0.3,0.7,12.9,12.2,4,1.7,0.8,1.9
"234","Jonas Valanciunas",17.8,11.4,2.6,0.6,0.8,0.8,29,18.6,4.2,0.9,1.3,1.3
"235","Jonathan Kuminga",9.3,3.3,0.9,0.4,0.3,0.7,26.8,9.6,2.6,1.3,0.9,2.1
"236","Jordan Clarkson",16,3.5,2.5,0.8,0.2,2.4,29.2,6.3,4.5,1.5,0.4,4.4
"237","Jordan McLaughlin",3.8,1.5,2.9,0.9,0.2,0.4,12.3,5,9.5,3,0.5,1.4
"238","Jordan Nwora",7.9,3.6,1,0.4,0.3,1.3,19.7,9,2.4,1,0.7,3.2
"239","Jordan Poole",18.5,3.4,4,0.8,0.3,2.8,30,5.6,6.5,1.3,0.5,4.5
"240","Jose Alvarado",6.1,1.9,2.8,1.3,0.1,0.6,19.5,5.9,9,4.2,0.4,1.9
"241","Josh Christopher",7.9,2.5,2,0.9,0.2,0.8,20.9,6.6,5.4,2.3,0.5,2
"242","Josh Giddey",12.5,7.8,6.4,0.9,0.4,1,19.3,12.1,9.9,1.5,0.6,1.6
"243","Josh Green",4.8,2.4,1.2,0.7,0.2,0.4,15.5,7.8,3.8,2.2,0.7,1.4
"244","Josh Hart",16.0666666666667,6.8,4.16666666666667,1.13333333333333,0.233333333333333,1.6,24.0666666666667,10.1,6.26666666666667,1.73333333333333,0.333333333333333,2.36666666666667
"245","Josh Jackson",5.93333333333333,2.5,0.933333333333333,0.466666666666667,0.4,0.566666666666667,19.5,7.93333333333333,2.86666666666667,1.63333333333333,1.36666666666667,1.73333333333333
"246","Josh Okogie",2.7,1.4,0.5,0.5,0.2,0.3,12.3,6.5,2.3,2.4,1.1,1.3
"247","Josh Richardson",10.4333333333333,2.83333333333333,1.86666666666667,0.9,0.4,1.63333333333333,20.7666666666667,5.66666666666667,3.7,1.8,0.866666666666667,3.2
"248","Joshua Primo",5.8,2.3,1.6,0.4,0.5,0.8,14.3,5.6,4,1,1.1,2.1
"249","Jrue Holiday",18.3,4.5,6.8,1.6,0.4,2,26.7,6.6,9.9,2.4,0.6,2.9
"250","JT Thor",2,1.3,0.6,0.2,0.3,0.2,12.3,7.9,3.5,1.5,2,1.3
"251","Juan Toscano-Anderson",4.1,2.4,1.7,0.7,0.2,0.4,14.6,8.6,6.2,2.4,0.8,1.4
"252","Juancho Hernangómez",3.53333333333333,2.46666666666667,0.5,0.366666666666667,0.266666666666667,0.666666666666667,15.95,10.55,2.25,1.55,1.15,3.1
"253","Julius Randle",20.1,9.9,5.1,0.7,0.5,1.7,28.5,14.1,7.3,1,0.8,2.4
"254","Justin Anderson",6.6,3,2.1,0.5,0.45,0.95,16.05,7.2,5,1.25,1,2.35
"255","Justin Champagnie",2.3,2,0.3,0.2,0.1,0.3,14.4,12.8,2,1.4,0.7,1.8
"256","Justin Holiday",9.8,2.53333333333333,1.66666666666667,0.766666666666667,0.466666666666667,2.33333333333333,17.3333333333333,4.43333333333333,3,1.36666666666667,0.833333333333333,4.13333333333333
"257","Justin Robinson",2.95,0.8,1.25,0.45,0,0.65,12,3.25,5.1,1.65,0.1,2.65
"258","Justise Winslow",6.86666666666667,4.7,2.03333333333333,0.866666666666667,0.533333333333333,0.433333333333333,17.6,12.6,5.3,2.2,1.53333333333333,1.03333333333333
"259","Jusuf Nurkic",15,11.1,2.8,1.1,0.6,0.3,26.1,19.2,4.9,1.9,1.1,0.5
"260","Karl-Anthony Towns",24.6,9.8,3.6,1,1.1,2,34.9,14,5.2,1.4,1.6,2.9
"261","Keifer Sykes",5.6,1.4,1.9,0.4,0.1,0.8,15.6,3.9,5.4,1,0.3,2.3
"262","Keita Bates-Diop",5.7,3.9,0.7,0.5,0.2,0.3,16.8,11.6,2.1,1.4,0.7,0.9
"263","Kelan Martin",6,1.9,0.75,0.45,0.3,0.75,18.75,5.9,2.3,1.4,1,2.4
"264","Keldon Johnson",17,6.1,2.1,0.8,0.2,2.1,25.6,9.2,3.2,1.2,0.3,3.2
"265","Keljin Blevins",3.1,1.5,0.6,0.4,0,0.7,13.3,6.3,2.7,1.8,0.1,2.9
"266","Kelly Olynyk",9.1,4.4,2.8,0.8,0.5,1,23.3,11.3,7.1,2,1.2,2.6
"267","Kelly Oubre Jr.",15,4,1.1,1,0.4,2.5,27.3,7.2,2,1.8,0.7,4.6
"268","Kemba Walker",11.6,3,3.5,0.7,0.2,2,22.7,5.9,6.9,1.4,0.4,3.9
"269","Kenrich Williams",7.4,4.5,2.2,0.9,0.2,0.8,16.5,10,4.9,2,0.5,1.9
"270","Kent Bazemore",3.4,1.8,0.9,0.6,0.2,0.7,11.6,6.1,3,2.2,0.8,2.6
"271","Kentavious Caldwell-Pope",13.2,3.4,1.9,1.1,0.3,2.1,21.6,5.5,3.1,1.8,0.6,3.4
"272","Kenyon Martin Jr.",8.8,3.8,1.3,0.4,0.5,0.8,20,8.5,2.9,1,1.1,1.7
"273","Keon Johnson",6.8,2.1,1.96666666666667,0.766666666666667,0.3,0.833333333333333,18.8333333333333,6.16666666666667,5.16666666666667,2.1,0.8,2.06666666666667
"274","Kessler Edwards",5.9,3.6,0.6,0.6,0.5,1,13.9,8.4,1.5,1.4,1.2,2.4
"275","Kevin Durant",29.9,7.4,6.4,0.9,0.9,2.1,38.9,9.6,8.3,1.1,1.2,2.7
"276","Kevin Huerter",12.1,3.4,2.7,0.7,0.4,2.2,20,5.7,4.6,1.2,0.6,3.6
"277","Kevin Knox",3.13333333333333,1.5,0.3,0.133333333333333,0.1,0.533333333333333,20.8,9.8,2.23333333333333,0.9,0.433333333333333,3.36666666666667
"278","Kevin Love",13.6,7.2,2.2,0.4,0.2,2.5,30.2,16.1,4.8,0.8,0.5,5.6
"279","Kevin Pangos",1.6,0.5,1.3,0.1,0,0.3,11.7,3.3,9,0.9,0,1.8
"280","Kevin Porter Jr.",15.6,4.4,6.2,1.1,0.4,2.5,23.7,6.7,9.4,1.7,0.5,3.9
"281","Kevon Looney",6,7.3,2,0.6,0.6,0,13.8,16.8,4.6,1.4,1.5,0
"282","Khem Birch",4.5,4.3,1,0.5,0.5,0,12.5,12.1,2.8,1.5,1.3,0
"283","Khris Middleton",20.1,5.4,5.4,1.2,0.3,2.5,29.7,8,8,1.7,0.4,3.6
"284","Killian Hayes",6.9,3.2,4.2,1.2,0.5,0.7,13.4,6.2,8.2,2.3,1,1.3
"285","Killian Tillie",3.3,1.7,0.6,0.6,0.4,0.8,12.2,6.2,2.3,2.4,1.6,2.8
"286","Kira Lewis Jr.",5.9,1.6,2,0.5,0,0.5,20.4,5.6,7.1,1.6,0.1,1.9
"287","Klay Thompson",20.4,3.9,2.8,0.5,0.5,3.6,33.8,6.5,4.6,0.8,0.9,5.9
"288","Kris Dunn",7.6,3.5,5.6,1.6,0.2,0.1,15.4,7.1,11.5,3.3,0.4,0.1
"289","Kristaps Porzingis",20.5,8.2,2.4,0.7,1.6,1.53333333333333,35.5,14.1666666666667,4.23333333333333,1.26666666666667,2.8,2.7
"290","Kyle Anderson",7.6,5.3,2.7,1.1,0.7,0.5,16.8,11.9,5.9,2.5,1.5,1.2
"291","Kyle Guy",3.9,0.9,0.9,0.4,0.1,0.7,19.9,4.6,4.6,1.9,0.3,3.8
"292","Kyle Kuzma",17.1,8.5,3.5,0.6,0.9,1.9,25.4,12.6,5.2,0.9,1.3,2.9
"293","Kyle Lowry",13.4,4.5,7.5,1.1,0.3,2.3,19.8,6.6,11.1,1.6,0.4,3.4
"294","Kyrie Irving",27.4,4.4,5.8,1.4,0.6,3.4,35.4,5.6,7.4,1.8,0.8,4.4
"295","KZ Okpala",3.7,2,0.7,0.2,0.3,0.4,15.8,8.4,2.9,0.8,1.4,1.8
"296","Lamar Stevens",6.1,2.6,0.7,0.5,0.3,0.3,18.8,8.1,2.2,1.5,0.9,0.9
"297","LaMarcus Aldridge",12.9,5.5,0.9,0.3,1,0.3,28,11.9,1.9,0.6,2.2,0.6
"298","LaMelo Ball",20.1,6.7,7.6,1.6,0.4,2.9,29.9,9.9,11.3,2.4,0.6,4.4
"299","Lance Stephenson",8.8,2.8,3.75,0.55,0.1,0.65,23.85,7.5,10,1.5,0.25,1.7
"300","Landry Shamet",8.3,1.8,1.6,0.4,0.1,1.8,19.2,4.2,3.6,0.9,0.3,4.1
"301","Larry Nance Jr.",6.95,5.5,1.9,0.95,0.4,0.5,15.8333333333333,11.4,3.4,1.86666666666667,1.16666666666667,1.1
"302","Lauri Markkanen",14.8,5.7,1.3,0.7,0.5,2.2,23.9,9.2,2.2,1.2,0.8,3.6
"303","Leandro Bolmaro",1.4,1.2,0.6,0.2,0,0.1,9.9,8.5,4.1,1.2,0,1
"304","LeBron James",30.3,8.2,6.2,1.3,1.1,2.9,39,10.6,8,1.7,1.4,3.7
"305","Lindell Wigginton",4.2,1.3,1.2,0.3,0.1,0.5,19.3,6,5.6,1.2,0.2,2.2
"306","Lindy Waters III",8,2.9,1,0.8,0.3,2.1,20.8,7.6,2.5,2,0.8,5.6
"307","Lonnie Walker IV",12.1,2.6,2.2,0.6,0.3,1.6,25.3,5.4,4.5,1.3,0.6,3.3
"308","Lonzo Ball",13,5.4,5.1,1.8,0.9,3.1,18.3,7.7,7.2,2.6,1.2,4.4
"309","Lou Williams",6.3,1.6,1.9,0.5,0.1,0.7,21.8,5.4,6.5,1.7,0.2,2.3
"310","Luguentz Dort",17.2,4.2,1.7,0.9,0.4,2.5,25.7,6.2,2.6,1.3,0.5,3.8
"311","Luka Doncic",28.4,9.1,8.7,1.2,0.6,3.1,40.4,13,12.4,1.6,0.8,4.4
"312","Luka Garza",5.8,3.1,0.6,0.3,0.2,0.5,23.3,12.5,2.5,1.1,0.8,2
"313","Luke Kennard",11.9,3.3,2.1,0.6,0.1,2.7,21.3,5.8,3.7,1.1,0.2,4.9
"314","Luke Kornet",2.1,2,0.65,0.25,0.2,0,14.5,14,4.3,1.4,1.4,0
"315","Malachi Flynn",4.3,1.4,1.6,0.5,0.1,0.7,17.6,5.9,6.5,1.9,0.4,2.8
"316","Malcolm Brogdon",19.1,5.1,5.9,0.8,0.4,1.6,27.9,7.5,8.6,1.2,0.6,2.4
"317","Malcolm Hill",3.6,1.8,0.4,0.3,0.15,0.65,16.4,8.3,1.95,1.25,0.65,2.95
"318","Malik Beasley",12.1,2.9,1.5,0.5,0.2,3,22.9,5.5,2.8,1,0.3,5.8
"319","Malik Monk",13.8,3.4,2.9,0.8,0.4,2.3,23.5,5.7,4.9,1.4,0.6,3.9
"320","Mamadi Diakite",4.3,4.5,0.2,0.4,0.7,0,14.5,15.3,0.5,1.3,2.3,0
"321","Marcus Garrett",1.1,1.9,0.6,0.4,0.3,0.1,5.1,9,2.7,2,1.2,0.4
"322","Marcus Morris",15.4,4.4,2.1,0.5,0.3,1.9,26,7.5,3.5,0.9,0.6,3.2
"323","Marcus Smart",12.1,3.8,5.9,1.7,0.3,1.7,18.6,5.8,9,2.6,0.4,2.6
"324","Markelle Fultz",10.8,2.7,5.5,1.1,0.3,0.2,26.2,6.6,13.3,2.7,0.7,0.5
"325","Markieff Morris",7.6,2.6,1.4,0.4,0.1,0.8,21.7,7.6,3.9,1,0.2,2.2
"326","Markus Howard",4.1,0.4,0.2,0.3,0,0.9,35.1,3.3,2,2.5,0,7.8
"327","Marquese Chriss",4.5,3,0.5,0.4,0.4,0.2,22.4,15,2.5,1.9,1.7,1.2
"328","Marvin Bagley III",11.7333333333333,7,0.833333333333333,0.5,0.4,0.466666666666667,23.1,14.1,1.53333333333333,0.966666666666667,0.766666666666667,0.966666666666667
"329","Mason Plumlee",6.5,7.7,3.1,0.8,0.7,0,12.8,15.1,6,1.6,1.4,0
"330","Matisse Thybulle",5.7,2.3,1.1,1.7,1.1,0.7,11.2,4.5,2.2,3.4,2.1,1.3
"331","Matt Thomas",4,1.3,0.5,0.2,0.1,0.9,17.1,5.3,2.1,0.9,0.3,3.7
"332","Maurice Harkless",4.6,2.4,0.5,0.6,0.5,0.7,12.1,6.2,1.3,1.6,1.3,1.7
"333","Max Strus",10.6,3,1.4,0.4,0.2,2.7,22.7,6.4,2.9,0.9,0.5,5.7
"334","Maxi Kleber",7,5.9,1.2,0.5,1,1.4,14.3,12.1,2.4,1,2,2.9
"335","Mikal Bridges",14.2,4.2,2.3,1.2,0.4,1.4,19.6,5.9,3.1,1.6,0.6,1.9
"336","Mike Conley",13.7,3,5.3,1.3,0.3,2.3,23.7,5.2,9.2,2.3,0.5,4.1
"337","Mike Muscala",8,3,0.5,0.4,0.6,1.6,28.3,10.6,1.8,1.5,2.1,5.8
"338","Miles Bridges",20.2,7,3.8,0.9,0.8,1.9,27.3,9.5,5.1,1.3,1.1,2.6
"339","Miles McBride",2.2,1.1,1,0.4,0,0.4,12,5.6,5.5,1.9,0.1,2.3
"340","Mitchell Robinson",8.5,8.6,0.5,0.8,1.8,0,16.5,16.7,1,1.6,3.6,0
"341","Mo Bamba",10.6,8.1,1.2,0.5,1.7,1.5,20,15.2,2.3,1,3.1,2.8
"342","Monte Morris",12.6,3,4.4,0.7,0.2,1.7,20.7,5,7.3,1.2,0.3,2.7
"343","Montrezl Harrell",12.8666666666667,5.9,2.03333333333333,0.4,0.6,0.0666666666666667,27.5333333333333,12.6,4.36666666666667,0.9,1.26666666666667,0.1
"344","Moritz Wagner",9,3.7,1.4,0.3,0.2,1,28.4,11.7,4.4,1,0.7,3.3
"345","Moses Brown",4.6,3.66666666666667,0,0.2,0.4,0,24.8,19.6,0.133333333333333,1,2.33333333333333,0
"346","Moses Moody",4.4,1.5,0.4,0.1,0.2,0.8,18.3,6.4,1.8,0.6,0.8,3.2
"347","Mychal Mulder",3.9,1.4,0.25,0.25,0.1,0.95,13.8,5.05,0.85,0.9,0.3,3.35
"348","Myles Turner",12.9,7.1,1,0.7,2.8,1.5,21.4,11.8,1.7,1.1,4.7,2.4
"349","Naji Marshall",5.7,2.6,1.1,0.6,0.1,0.4,21,9.5,4.2,2.2,0.5,1.4
"350","Nassir Little",9.8,5.6,1.3,0.6,0.9,1.2,18.4,10.6,2.4,1.1,1.6,2.3
"351","Nathan Knight",3.7,2.3,0.6,0.2,0.2,0.1,24.6,15.1,3.9,1.2,1.4,0.7
"352","Naz Reid",8.3,3.9,0.9,0.5,0.9,0.7,24.9,11.8,2.8,1.6,2.8,2.2
"353","Neemias Queta",3.2,2.2,0.4,0.1,0.6,0,18,12.4,2.4,0.4,3.2,0
"354","Nemanja Bjelica",6.1,4.1,2.2,0.6,0.4,0.8,18.5,12.6,6.8,1.8,1.1,2.3
"355","Nerlens Noel",3.4,5.6,0.9,1.2,1.2,0,7.6,12.6,2,2.7,2.8,0
"356","Nic Claxton",8.7,5.6,0.9,0.5,1.1,0,20.4,13.1,2.1,1.2,2.5,0
"357","Nick Richards",3,1.7,0.3,0.2,0.4,0,19.6,11.2,1.7,1.2,2.7,0
"358","Nickeil Alexander-Walker",8.96666666666667,2.56666666666667,2.1,0.6,0.366666666666667,1.4,21.6,6.66666666666667,5.36666666666667,1.56666666666667,0.933333333333333,3.46666666666667
"359","Nicolas Batum",8.3,4.3,1.7,1,0.7,1.8,16.5,8.5,3.4,1.9,1.4,3.6
"360","Nikola Jokic",27.1,13.8,7.9,1.5,0.9,1.3,39.7,20.2,11.6,2.2,1.2,1.9
"361","Nikola Vucevic",17.6,11,3.2,1,1,1.4,26,16.2,4.8,1.4,1.4,2.1
"362","Norman Powell",18.85,3.25,2.1,0.95,0.45,2.35,32.6,5.06666666666667,3.9,1.23333333333333,0.966666666666667,4.03333333333333
"363","Obi Toppin",9,3.7,1.1,0.3,0.5,0.7,26.4,10.9,3.1,1,1.3,2.1
"364","OG Anunoby",17.1,5.5,2.6,1.5,0.5,2.4,23.8,7.6,3.6,2.1,0.7,3.3
"365","Olivier Sarr",7,4.2,0.9,0.3,0.7,0.6,17.7,10.8,2.2,0.7,1.7,1.5
"366","Omer Yurtseven",5.3,5.3,0.9,0.3,0.4,0,21.2,20.8,3.5,1.2,1.4,0.1
"367","Onyeka Okongwu",8.2,5.9,1.1,0.6,1.3,0,19.4,14,2.6,1.5,3,0
"368","Oshae Brissett",9.1,5.3,1.1,0.7,0.4,1.2,19.2,11.2,2.3,1.4,0.9,2.6
"369","Otto Porter Jr.",8.2,5.7,1.5,1.1,0.5,1.3,18,12.6,3.3,2.4,1,2.8
"370","P.J. Tucker",7.6,5.5,2.1,0.8,0.2,1.1,13.6,9.8,3.8,1.5,0.4,2
"371","P.J. Washington",10.3,5.2,2.3,0.9,0.9,1.7,18.1,9.1,4,1.5,1.7,3
"372","Pascal Siakam",22.8,8.5,5.3,1.3,0.6,1.1,30.1,11.2,7,1.6,0.8,1.5
"373","Pat Connaughton",9.9,4.2,1.3,0.9,0.2,2.2,18.3,7.8,2.3,1.7,0.4,4.1
"374","Patrick Beverley",9.2,4.1,4.6,1.2,0.9,1.4,17.2,7.7,8.6,2.2,1.7,2.7
"375","Patrick Williams",9,4.1,0.9,0.5,0.5,0.9,17.7,8,1.7,1,1,1.7
"376","Patty Mills",11.4,1.9,2.3,0.6,0.2,2.8,19.1,3.2,3.8,1.1,0.4,4.7
"377","Paul George",24.3,6.9,5.7,2.2,0.4,2.9,34.3,9.7,8,3,0.6,4.1
"378","Paul Millsap",3.45,3.6,0.95,0.25,0.45,0.25,15.0333333333333,14.2,3.5,1.53333333333333,1.53333333333333,1
"379","Paul Reed",3.1,2.4,0.4,0.9,0.4,0.1,19.2,15.2,2.6,5.5,2.3,0.3
"380","Payton Pritchard",6.2,1.9,2,0.4,0.1,1.4,21.9,6.7,6.9,1.2,0.3,5
"381","PJ Dozier",5.4,3.5,1.6,0.6,0.3,0.8,14,9.1,4.2,1.6,0.9,2.2
"382","Precious Achiuwa",9.1,6.5,1.1,0.5,0.6,0.8,19.2,13.7,2.4,1.1,1.2,1.6
"383","Quentin Grimes",6,2,1,0.7,0.2,1.6,17.5,6,2.8,2,0.7,4.6
"384","R.J. Hampton",7.6,3,2.5,0.7,0.2,1,16.9,6.7,5.5,1.4,0.4,2.2
"385","Rajon Rondo",4.7,2.76666666666667,4.33333333333333,0.8,0.166666666666667,0.766666666666667,12.7333333333333,7.63333333333333,11.9,2.1,0.433333333333333,2.1
"386","Raul Neto",7.5,1.9,3.1,0.8,0,0.5,19,4.8,7.8,2,0.1,1.3
"387","Reggie Bullock",8.6,3.5,1.2,0.6,0.2,2.1,15.4,6.4,2.2,1.1,0.4,3.7
"388","Reggie Jackson",16.8,3.6,4.8,0.7,0.2,2.2,26.5,5.7,7.5,1.2,0.3,3.5
"389","Richaun Holmes",10.4,7,1.1,0.4,0.9,0,21,14.2,2.2,0.8,1.8,0.1
"390","Ricky Rubio",13.1,4.1,6.6,1.4,0.2,1.7,22.9,7.3,11.6,2.5,0.4,3
"391","RJ Barrett",20,5.8,3,0.6,0.2,2,29,8.4,4.3,0.9,0.3,2.9
"392","Robert Covington",8.83333333333333,5.43333333333333,1.23333333333333,1.43333333333333,1.26666666666667,1.83333333333333,16.9,10.2,2.3,2.63333333333333,2.4,3.53333333333333
"393","Robert Williams",10,9.6,2,0.9,2.2,0,16.7,16.2,3.3,1.5,3.7,0
"394","Robin Lopez",7.1,3.5,1.5,0.1,0.5,0.1,20.1,10,4.3,0.2,1.4,0.2
"395","Rodney Hood",3,1.33333333333333,0.7,0.266666666666667,0.133333333333333,0.566666666666667,11.6,4.83333333333333,2.73333333333333,1.03333333333333,0.5,2.1
"396","Rodney McGruder",5.4,2.2,0.9,0.4,0.1,1.1,17.7,7.2,3.1,1.4,0.5,3.8
"397","Romeo Langford",4.6,2.35,0.4,0.5,0.35,0.65,14.05,7,1.35,1.4,1.05,1.95
"398","Royce O'Neale",7.4,4.8,2.5,1.1,0.4,1.5,11.7,7.6,3.9,1.8,0.7,2.4
"399","Rudy Gay",8.1,4.4,1,0.5,0.3,1.3,21.2,11.5,2.7,1.2,0.9,3.3
"400","Rudy Gobert",15.6,14.7,1.1,0.7,2.1,0,23.9,22.6,1.7,1,3.2,0
"401","Rui Hachimura",11.3,3.8,1.1,0.5,0.2,1.3,24.9,8.4,2.5,1.2,0.5,2.9
"402","Russell Westbrook",18.5,7.4,7.1,1,0.3,1,25.8,10.4,9.8,1.3,0.4,1.4
"403","Saben Lee",5.6,2.4,2.9,1,0.3,0.4,16.8,7,8.6,2.9,1,1.1
"404","Saddiq Bey",16.1,5.4,2.8,0.9,0.2,2.6,23.8,8,4.2,1.3,0.3,3.8
"405","Sam Hauser",2.5,1.1,0.4,0,0.1,0.7,20.4,9.1,3.1,0.3,0.6,6
"406","Sandro Mamukelashvili",3.8,2,0.5,0.2,0.2,0.5,18.2,9.7,2.6,1.1,1.1,2.6
"407","Santi Aldama",4.1,2.7,0.7,0.2,0.3,0.2,17.5,11.6,2.8,0.8,1.3,0.8
"408","Scottie Barnes",15.3,7.5,3.5,1.1,0.7,0.8,21.7,10.6,4.9,1.5,1.1,1.1
"409","Semi Ojeleye",3.1,2.7,0.3,0.25,0.25,0.55,10.25,8.9,0.95,0.8,0.75,1.75
"410","Serge Ibaka",6.8,4.73333333333333,0.866666666666667,0.2,0.566666666666667,0.7,20.0333333333333,13.9333333333333,2.6,0.6,1.73333333333333,2.03333333333333
"411","Seth Curry",14.9666666666667,3.03333333333333,3.4,0.833333333333333,0.2,2.6,22.6666666666667,4.53333333333333,5.1,1.23333333333333,0.333333333333333,3.93333333333333
"412","Shai Gilgeous-Alexander",24.5,5,5.9,1.3,0.8,1.6,34.4,7,8.3,1.8,1.2,2.2
"413","Shake Milton",8.2,2.6,2.5,0.5,0.3,0.8,19,6,5.9,1.2,0.7,1.8
"414","Skylar Mays",2.9,0.9,0.6,0.3,0,0.3,17.9,5.6,3.8,1.6,0,1.8
"415","Solomon Hill",0.6,1.8,0.9,0.3,0.2,0.2,2.8,8.1,4.2,1.4,0.7,0.7
"416","Spencer Dinwiddie",14.0333333333333,4,4.96666666666667,0.666666666666667,0.233333333333333,1.7,23.9666666666667,6.76666666666667,8.4,1.13333333333333,0.366666666666667,2.9
"417","Stanley Johnson",6.7,3.2,1.7,0.9,0.3,0.7,14,6.8,3.5,1.9,0.6,1.4
"418","Stephen Curry",25.5,5.2,6.3,1.3,0.4,4.5,35.9,7.4,8.9,1.9,0.5,6.3
"419","Sterling Brown",3.3,3,0.7,0.3,0.1,0.6,12.8,11.9,2.7,1.1,0.6,2.2
"420","Steven Adams",6.9,10,3.4,0.9,0.8,0,12.6,18.2,6.1,1.6,1.4,0
"421","Svi Mykhailiuk",4.6,1.6,0.8,0.5,0.1,0.7,17.8,6.4,3.1,1.8,0.3,2.9
"422","T.J. McConnell",8.5,3.3,4.9,1.1,0.4,0.4,17.2,6.8,9.8,2.2,0.8,0.8
"423","Taj Gibson",4.4,4.4,0.6,0.4,0.8,0.3,12.1,12.1,1.7,1.2,2.1,0.8
"424","Talen Horton-Tucker",10,3.2,2.7,1,0.5,0.8,18.9,6.1,5,1.9,0.9,1.6
"425","Taurean Prince",7.3,2.5,1,0.7,0.3,1.2,20.3,7,2.7,1.9,0.9,3.5
"426","Terance Mann",10.8,5.2,2.6,0.7,0.3,0.9,18.4,9,4.4,1.2,0.4,1.6
"427","Terence Davis",10.4,3.1,1.3,0.8,0.4,1.6,27.9,8.4,3.6,2.2,1,4.4
"428","Terrence Ross",10,2.6,1.8,0.4,0.2,1.2,21,5.4,3.9,0.9,0.4,2.6
"429","Terry Rozier",19.3,4.3,4.5,1.3,0.3,3,27.5,6.1,6.4,1.8,0.5,4.3
"430","Terry Taylor",9.6,5.2,1.2,0.4,0.2,0.4,21.8,11.8,2.8,1,0.5,0.8
"431","Thaddeus Young",6.2,4,2,1.03333333333333,0.333333333333333,0.333333333333333,18.8333333333333,12.1,6.13333333333333,3.13333333333333,1.03333333333333,0.933333333333333
"432","Thanasis Antetokounmpo",3.6,2.1,0.5,0.3,0.3,0,17.4,10.3,2.2,1.6,1.2,0.2
"433","Théo Maledon",7.1,2.6,2.2,0.6,0.2,0.9,19.4,7,6,1.7,0.6,2.4
"434","Theo Pinson",2.5,1.1,0.9,0.3,0.1,0.5,16.3,7.1,5.8,1.7,0.7,3.4
"435","Thomas Bryant",7.4,4,0.9,0.2,0.8,0.4,22.6,12.2,2.6,0.7,2.4,1.4
"436","Tim Frazier",3.3,1.6,2.8,0.3,0.1,0.5,9,4.5,7.95,0.7,0.2,1.45
"437","Tim Hardaway Jr.",14.2,3.7,2.2,0.9,0.1,2.4,24.2,6.3,3.7,1.5,0.2,4.1
"438","Timothé Luwawu-Cabarrot",4.4,1.6,0.8,0.3,0.1,0.8,16.3,5.9,2.9,1.3,0.4,3.2
"439","Tobias Harris",17.2,6.8,3.5,0.6,0.6,1.4,24.7,9.7,4.9,0.9,0.8,2
"440","Tomáš Satoranský",3.76666666666667,2.36666666666667,3.53333333333333,0.533333333333333,0.1,0.233333333333333,10.8333333333333,6.93333333333333,10.2,1.6,0.3,0.6
"441","Tony Bradley",3,3.4,0.5,0.2,0.6,0,14.5,16.5,2.4,0.9,2.9,0
"442","Tony Snell",4,1.96666666666667,0.5,0.333333333333333,0.166666666666667,0.933333333333333,11.9,6,1.63333333333333,1.03333333333333,0.5,2.83333333333333
"443","Torrey Craig",6.66666666666667,4.03333333333333,1.16666666666667,0.633333333333333,0.5,1,15.7666666666667,9.5,2.76666666666667,1.46666666666667,1.16666666666667,2.4
"444","Trae Young",28.4,3.7,9.7,0.9,0.1,3.1,39.9,5.3,13.7,1.3,0.1,4.3
"445","Tre Jones",6,2.2,3.4,0.6,0.1,0.1,17.3,6.5,9.7,1.8,0.3,0.4
"446","Tre Mann",10.4,2.9,1.5,0.8,0.2,1.6,22.3,6.1,3.2,1.7,0.4,3.5
"447","Trendon Watford",7.6,4.1,1.7,0.5,0.6,0.2,20.5,11.2,4.6,1.4,1.6,0.5
"448","Trent Forrest",3.3,1.7,1.8,0.5,0.1,0.1,12.6,6.4,6.8,1.9,0.4,0.3
"449","Trevor Ariza",4,3.4,1.1,0.5,0.3,0.8,10,8.5,2.8,1.3,0.6,2.1
"450","Trey Burke",5.1,0.8,1.4,0.3,0,0.6,24.4,3.8,6.5,1.4,0,3
"451","Trey Lyles",10.5,5.16666666666667,1.2,0.366666666666667,0.4,0.933333333333333,24.4333333333333,11.9666666666667,2.76666666666667,0.866666666666667,0.933333333333333,2.1
"452","Trey Murphy III",5.4,2.4,0.6,0.4,0.1,1.1,19.1,8.4,2.2,1.3,0.4,4.1
"453","Tristan Thompson",5.96666666666667,5.06666666666667,0.6,0.433333333333333,0.366666666666667,0,18.3666666666667,15.6,1.83333333333333,1.33333333333333,1.1,0.0666666666666667
"454","Troy Brown Jr.",4.3,3.1,1,0.5,0.1,0.7,13.1,9.4,3.1,1.7,0.2,2.2
"455","Ty Jerome",7.1,1.6,2.3,0.6,0.1,1.1,20.7,4.7,6.6,1.8,0.3,3.3
"456","Tyler Cook",3.4,2.7,0.2,0.2,0.2,0,16.4,12.9,0.7,1,1,0
"457","Tyler Herro",20.7,5,4,0.7,0.1,2.7,31.8,7.7,6.1,1,0.2,4.1
"458","Tyrese Haliburton",15.7,4.06666666666667,8.4,1.73333333333333,0.633333333333333,2.1,21.6,5.6,11.5666666666667,2.43333333333333,0.866666666666667,2.9
"459","Tyrese Maxey",17.5,3.2,4.3,0.7,0.4,1.8,24.7,4.5,6,1,0.6,2.5
"460","Tyus Jones",8.7,2.4,4.4,0.9,0,1.1,19.5,5.4,10,2,0.1,2.5
"461","Udoka Azubuike",4.7,4.2,0,0.1,0.6,0,20.3,18,0,0.3,2.8,0
"462","Usman Garuba",2,3.5,0.7,0.4,0.5,0.2,9.6,16.5,3.4,2,2.2,1
"463","Vit Krejci",6.2,3.4,1.9,0.6,0.3,1.1,13.2,7.1,4,1.3,0.6,2.3
"464","Vlatko Cancar",4.1,2.1,1.1,0.1,0.2,0.5,17.3,8.6,4.7,0.6,0.8,2
"465","Wayne Ellington",6.7,1.8,0.7,0.5,0.1,1.9,17,4.6,1.8,1.4,0.3,4.9
"466","Wendell Carter Jr.",15,10.5,2.8,0.6,0.7,1.1,24.3,16.9,4.5,0.9,1.1,1.8
"467","Wenyen Gabriel",6.05,4,0.55,0.2,0.45,0.3,19.25,12.8,1.85,0.65,1.45,1
"468","Wesley Matthews",5.1,1.9,0.7,0.5,0.2,1.1,11.9,4.4,1.7,1.1,0.4,2.5
"469","Will Barton",14.7,4.8,3.9,0.8,0.4,2.2,22.5,7.3,5.9,1.2,0.7,3.4
"470","Willie Cauley-Stein",1.8,2.05,0.5,0.3,0.2,0.1,9.5,10.9,2.65,1.65,0.85,0.3
"471","Willy Hernangómez",9.1,6.8,1.3,0.4,0.4,0.1,26.7,19.9,3.7,1.2,1.1,0.2
"472","Xavier Tillman Sr.",4.8,3,1.2,0.9,0.3,0.2,17.2,11,4.2,3.3,1,0.7
"473","Yuta Watanabe",4.3,2.4,0.6,0.3,0.4,0.7,18.3,10.3,2.4,1.2,1.8,3
"474","Zach Collins",7.8,5.5,2.2,0.5,0.8,0.5,20.8,14.6,5.8,1.2,2.2,1.3
"475","Zach LaVine",24.4,4.6,4.5,0.6,0.3,2.8,34.3,6.5,6.4,0.9,0.5,3.9
"476","Zeke Nnaji",6.6,3.6,0.4,0.4,0.3,0.9,19,10.3,1.2,1.1,0.9,2.6
"477","Ziaire Williams",8.1,2.1,1,0.6,0.2,1.2,17.8,4.6,2.3,1.2,0.4,2.7
